{
  "accuracy": 0.7988695242581253,
  "f1_weighted": 0.7980327237052208
}